date,discount_coupon_code,usage_count,total_discount_given,gross_revenue,avg_order_value,net_revenue,discount_percentage
2025-01-01,RING20,11,1329.92,6649.61,604.51,5319.69,20.0
2025-01-01,HOLIDAY10,10,508.0,5079.7,507.97,4571.7,10.0
2025-01-01,NO_COUPON,7,0.0,2849.78,407.11,2849.78,0.0
2025-01-02,NO_COUPON,13,0.0,8329.54,640.73,8329.54,0.0
2025-01-02,RING20,10,1051.94,5259.67,525.97,4207.73,20.0
2025-01-02,HOLIDAY10,8,440.0,4399.75,549.97,3959.75,10.0
2025-01-03,HOLIDAY10,11,542.0,5419.67,492.7,4877.67,10.0
2025-01-03,RING20,11,973.93,4869.66,442.7,3895.73,20.0
2025-01-03,NO_COUPON,8,0.0,4889.72,611.22,4889.72,0.0
2025-01-04,HOLIDAY10,9,509.0,5089.7,565.52,4580.7,10.0
2025-01-04,RING20,9,871.94,4359.75,484.42,3487.81,20.0
2025-01-04,NO_COUPON,8,0.0,4239.74,529.97,4239.74,0.0
2025-01-05,HOLIDAY10,15,805.0,8049.51,536.63,7244.51,10.0
2025-01-05,NO_COUPON,13,0.0,7459.6,573.82,7459.6,0.0
2025-01-05,RING20,8,717.96,3589.79,448.72,2871.83,20.0
2025-01-06,HOLIDAY10,15,688.0,6879.56,458.64,6191.56,10.0
2025-01-06,NO_COUPON,14,0.0,6879.59,491.4,6879.59,0.0
2025-01-06,RING20,11,1093.93,5469.66,497.24,4375.73,20.0
2025-01-07,NO_COUPON,12,0.0,5869.62,489.14,5869.62,0.0
2025-01-07,HOLIDAY10,8,274.0,2739.83,342.48,2465.83,10.0
2025-01-07,RING20,4,365.98,1829.88,457.47,1463.9,20.0
2025-01-08,HOLIDAY10,18,905.0,9049.42,502.75,8144.42,10.0
2025-01-08,RING20,14,1333.93,6669.6,476.4,5335.67,20.0
2025-01-08,NO_COUPON,12,0.0,5739.63,478.3,5739.63,0.0
2025-01-09,RING20,13,1411.91,7059.57,543.04,5647.66,20.0
2025-01-09,HOLIDAY10,9,397.0,3969.76,441.08,3572.76,10.0
2025-01-09,NO_COUPON,6,0.0,3819.79,636.63,3819.79,0.0
2025-01-10,HOLIDAY10,12,657.0,6569.63,547.47,5912.63,10.0
2025-01-10,RING20,10,1111.94,5559.69,555.97,4447.75,20.0
2025-01-10,NO_COUPON,6,0.0,2459.87,409.98,2459.87,0.0
2025-01-11,RING20,13,895.94,4479.65,344.59,3583.71,20.0
2025-01-11,NO_COUPON,12,0.0,5989.65,499.14,5989.65,0.0
2025-01-11,HOLIDAY10,8,369.0,3689.78,461.22,3320.78,10.0
2025-01-12,HOLIDAY10,17,718.0,7179.59,422.33,6461.59,10.0
2025-01-12,RING20,14,1377.93,6889.62,492.12,5511.69,20.0
2025-01-12,NO_COUPON,4,0.0,2769.85,692.46,2769.85,0.0
2025-01-13,HOLIDAY10,10,435.0,4349.72,434.97,3914.72,10.0
2025-01-13,RING20,10,901.95,4509.72,450.97,3607.77,20.0
2025-01-13,NO_COUPON,9,0.0,4109.76,456.64,4109.76,0.0
2025-01-14,NO_COUPON,13,0.0,6369.6,489.97,6369.6,0.0
2025-01-14,RING20,13,1319.91,6599.55,507.66,5279.64,20.0
2025-01-14,HOLIDAY10,12,782.99,7829.56,652.46,7046.57,10.0
2025-01-15,NO_COUPON,10,0.0,5329.69,532.97,5329.69,0.0
2025-01-15,HOLIDAY10,8,202.0,2019.85,252.48,1817.85,10.0
2025-01-15,RING20,6,657.97,3289.82,548.3,2631.85,20.0
2025-01-16,NO_COUPON,10,0.0,5549.66,554.97,5549.66,0.0
2025-01-16,RING20,9,979.95,4899.71,544.41,3919.76,20.0
2025-01-16,HOLIDAY10,8,511.99,5119.73,639.97,4607.74,10.0
2025-01-17,HOLIDAY10,14,706.99,7069.51,504.96,6362.52,10.0
2025-01-17,NO_COUPON,11,0.0,5499.65,499.97,5499.65,0.0
2025-01-17,RING20,7,833.94,4169.75,595.68,3335.81,20.0
2025-01-18,NO_COUPON,12,0.0,5589.63,465.8,5589.63,0.0
2025-01-18,HOLIDAY10,11,645.99,6459.61,587.24,5813.62,10.0
2025-01-18,RING20,6,487.96,2439.83,406.64,1951.87,20.0
2025-01-19,HOLIDAY10,14,867.99,8679.49,619.96,7811.5,10.0
2025-01-19,NO_COUPON,10,0.0,5069.67,506.97,5069.67,0.0
2025-01-19,RING20,7,403.99,2019.86,288.55,1615.87,20.0
2025-01-20,NO_COUPON,13,0.0,6249.62,480.74,6249.62,0.0
2025-01-20,HOLIDAY10,11,592.99,5929.56,539.05,5336.57,10.0
2025-01-20,RING20,8,909.95,4549.75,568.72,3639.8,20.0
2025-01-21,HOLIDAY10,16,591.0,5909.62,369.35,5318.62,10.0
2025-01-21,RING20,9,825.95,4129.75,458.86,3303.8,20.0
2025-01-21,NO_COUPON,7,0.0,3159.78,451.4,3159.78,0.0
2025-01-22,RING20,10,1303.94,6519.65,651.96,5215.71,20.0
2025-01-22,HOLIDAY10,7,431.0,4309.77,615.68,3878.77,10.0
2025-01-22,NO_COUPON,6,0.0,4129.75,688.29,4129.75,0.0
2025-01-23,HOLIDAY10,10,666.0,6659.64,665.96,5993.64,10.0
2025-01-23,NO_COUPON,10,0.0,4979.68,497.97,4979.68,0.0
2025-01-23,RING20,9,1069.94,5349.7,594.41,4279.76,20.0
2025-01-24,HOLIDAY10,11,396.0,3959.76,359.98,3563.76,10.0
2025-01-24,NO_COUPON,9,0.0,4469.72,496.64,4469.72,0.0
2025-01-24,RING20,9,787.96,3939.77,437.75,3151.81,20.0
2025-01-25,HOLIDAY10,13,567.0,5669.59,436.12,5102.59,10.0
2025-01-25,RING20,10,857.95,4289.7,428.97,3431.75,20.0
2025-01-25,NO_COUPON,5,0.0,2769.83,553.97,2769.83,0.0
2025-01-26,HOLIDAY10,9,585.0,5849.68,649.96,5264.68,10.0
2025-01-26,RING20,8,961.95,4809.72,601.22,3847.77,20.0
2025-01-26,NO_COUPON,7,0.0,2899.81,414.26,2899.81,0.0
2025-01-27,NO_COUPON,17,0.0,7999.49,470.56,7999.49,0.0
2025-01-27,HOLIDAY10,13,629.0,6289.62,483.82,5660.62,10.0
2025-01-27,RING20,11,1019.94,5099.66,463.61,4079.72,20.0
2025-01-28,HOLIDAY10,17,930.99,9309.47,547.62,8378.48,10.0
2025-01-28,NO_COUPON,10,0.0,5289.69,528.97,5289.69,0.0
2025-01-28,RING20,3,325.98,1629.9,543.3,1303.92,20.0
2025-01-29,HOLIDAY10,16,754.0,7539.5,471.22,6785.5,10.0
2025-01-29,RING20,14,1199.93,5999.61,428.54,4799.68,20.0
2025-01-29,NO_COUPON,6,0.0,3169.79,528.3,3169.79,0.0
2025-01-30,HOLIDAY10,12,728.99,7289.55,607.46,6560.56,10.0
2025-01-30,NO_COUPON,12,0.0,4909.69,409.14,4909.69,0.0
2025-01-30,RING20,11,1313.91,6569.58,597.23,5255.67,20.0
2025-01-31,RING20,15,753.96,3769.71,251.31,3015.75,20.0
2025-01-31,HOLIDAY10,10,510.0,5099.71,509.97,4589.71,10.0
2025-01-31,NO_COUPON,9,0.0,3869.78,429.98,3869.78,0.0
2025-02-01,NO_COUPON,19,0.0,7909.46,416.29,7909.46,0.0
2025-02-01,HOLIDAY10,14,621.0,6209.59,443.54,5588.59,10.0
2025-02-01,RING20,8,615.95,3079.78,384.97,2463.83,20.0
2025-02-02,NO_COUPON,17,0.0,8369.47,492.32,8369.47,0.0
2025-02-02,RING20,10,1139.95,5699.68,569.97,4559.73,20.0
2025-02-02,HOLIDAY10,9,596.0,5959.68,662.19,5363.68,10.0
2025-02-03,NO_COUPON,14,0.0,7979.53,569.97,7979.53,0.0
2025-02-03,HOLIDAY10,8,437.0,4369.78,546.22,3932.78,10.0
2025-02-03,RING20,7,669.95,3349.78,478.54,2679.83,20.0
2025-02-04,RING20,13,1335.92,6679.6,513.82,5343.68,20.0
2025-02-04,HOLIDAY10,8,315.0,3149.83,393.73,2834.83,10.0
2025-02-04,NO_COUPON,8,0.0,4899.73,612.47,4899.73,0.0
2025-02-05,RING20,16,1567.92,7839.54,489.97,6271.62,20.0
2025-02-05,HOLIDAY10,6,238.0,2379.87,396.64,2141.87,10.0
2025-02-05,NO_COUPON,6,0.0,4459.74,743.29,4459.74,0.0
2025-02-06,RING20,14,1239.94,6199.64,442.83,4959.7,20.0
2025-02-06,NO_COUPON,12,0.0,5899.67,491.64,5899.67,0.0
2025-02-06,HOLIDAY10,9,292.0,2919.82,324.42,2627.82,10.0
2025-02-07,NO_COUPON,17,0.0,8229.58,484.09,8229.58,0.0
2025-02-07,HOLIDAY10,11,440.0,4399.75,399.98,3959.75,10.0
2025-02-07,RING20,8,615.98,3079.78,384.97,2463.8,20.0
2025-02-08,RING20,15,1685.9,8429.51,561.97,6743.61,20.0
2025-02-08,HOLIDAY10,6,301.0,3009.81,501.64,2708.81,10.0
2025-02-08,NO_COUPON,6,0.0,1389.89,231.65,1389.89,0.0
2025-02-09,HOLIDAY10,15,744.99,7449.56,496.64,6704.57,10.0
2025-02-09,RING20,14,1193.94,5969.64,426.4,4775.7,20.0
2025-02-09,NO_COUPON,9,0.0,4919.69,546.63,4919.69,0.0
2025-02-10,HOLIDAY10,9,564.0,5639.69,626.63,5075.69,10.0
2025-02-10,NO_COUPON,9,0.0,4269.74,474.42,4269.74,0.0
2025-02-10,RING20,8,595.95,2979.79,372.47,2383.84,20.0
2025-02-11,RING20,12,961.96,4809.72,400.81,3847.76,20.0
2025-02-11,NO_COUPON,10,0.0,3869.78,386.98,3869.78,0.0
2025-02-11,HOLIDAY10,9,368.0,3679.72,408.86,3311.72,10.0
2025-02-12,HOLIDAY10,16,771.0,7709.56,481.85,6938.56,10.0
2025-02-12,RING20,14,1557.92,7789.59,556.4,6231.67,20.0
2025-02-12,NO_COUPON,3,0.0,2159.85,719.95,2159.85,0.0
2025-02-13,RING20,12,999.96,4999.7,416.64,3999.74,20.0
2025-02-13,HOLIDAY10,5,348.0,3479.82,695.96,3131.82,10.0
2025-02-13,NO_COUPON,5,0.0,2749.79,549.96,2749.79,0.0
2025-02-14,RING20,9,753.95,3769.76,418.86,3015.81,20.0
2025-02-14,NO_COUPON,8,0.0,4069.71,508.71,4069.71,0.0
2025-02-14,HOLIDAY10,4,161.0,1609.91,402.48,1448.91,10.0
2025-02-15,NO_COUPON,13,0.0,7759.59,596.89,7759.59,0.0
2025-02-15,HOLIDAY10,8,476.99,4769.72,596.22,4292.73,10.0
2025-02-15,RING20,7,645.96,3229.8,461.4,2583.84,20.0
2025-02-16,HOLIDAY10,16,867.98,8679.47,542.47,7811.49,10.0
2025-02-16,RING20,10,817.94,4089.74,408.97,3271.8,20.0
2025-02-16,NO_COUPON,8,0.0,5649.67,706.21,5649.67,0.0
2025-02-17,HOLIDAY10,14,517.0,5169.63,369.26,4652.63,10.0
2025-02-17,NO_COUPON,10,0.0,4939.73,493.97,4939.73,0.0
2025-02-17,RING20,10,907.95,4539.72,453.97,3631.77,20.0
2025-02-18,HOLIDAY10,13,705.0,7049.55,542.27,6344.55,10.0
2025-02-18,NO_COUPON,10,0.0,5519.66,551.97,5519.66,0.0
2025-02-18,RING20,8,831.95,4159.74,519.97,3327.79,20.0
2025-02-19,HOLIDAY10,9,487.0,4869.71,541.08,4382.71,10.0
2025-02-19,NO_COUPON,9,0.0,3669.82,407.76,3669.82,0.0
2025-02-19,RING20,6,493.98,2469.83,411.64,1975.85,20.0
2025-02-20,NO_COUPON,16,0.0,6319.59,394.97,6319.59,0.0
2025-02-20,RING20,9,849.95,4249.73,472.19,3399.78,20.0
2025-02-20,HOLIDAY10,6,392.99,3929.79,654.96,3536.8,10.0
2025-02-21,RING20,11,1259.93,6299.65,572.7,5039.72,20.0
2025-02-21,NO_COUPON,10,0.0,4939.66,493.97,4939.66,0.0
2025-02-21,HOLIDAY10,5,170.0,1699.87,339.97,1529.87,10.0
2025-02-22,HOLIDAY10,11,586.0,5859.69,532.7,5273.69,10.0
2025-02-22,RING20,11,1275.92,6379.58,579.96,5103.66,20.0
2025-02-22,NO_COUPON,9,0.0,4309.74,478.86,4309.74,0.0
2025-02-23,NO_COUPON,11,0.0,3999.76,363.61,3999.76,0.0
2025-02-23,RING20,10,661.96,3309.76,330.98,2647.8,20.0
2025-02-23,HOLIDAY10,8,444.99,4449.71,556.21,4004.72,10.0
2025-02-24,HOLIDAY10,16,738.0,7379.56,461.22,6641.56,10.0
2025-02-24,RING20,16,1399.91,6999.54,437.47,5599.63,20.0
2025-02-24,NO_COUPON,10,0.0,3749.74,374.97,3749.74,0.0
2025-02-25,RING20,15,1277.91,6389.56,425.97,5111.65,20.0
2025-02-25,HOLIDAY10,11,547.0,5469.68,497.24,4922.68,10.0
2025-02-25,NO_COUPON,9,0.0,3709.74,412.19,3709.74,0.0
2025-02-26,NO_COUPON,15,0.0,6989.61,465.97,6989.61,0.0
2025-02-26,HOLIDAY10,11,647.0,6469.67,588.15,5822.67,10.0
2025-02-26,RING20,9,1055.93,5279.68,586.63,4223.75,20.0
2025-02-27,HOLIDAY10,16,704.0,7039.52,439.97,6335.52,10.0
2025-02-27,RING20,9,819.96,4099.73,455.53,3279.77,20.0
2025-02-27,NO_COUPON,8,0.0,3409.77,426.22,3409.77,0.0
2025-02-28,RING20,12,1081.94,5409.69,450.81,4327.75,20.0
2025-02-28,HOLIDAY10,11,512.0,5119.68,465.43,4607.68,10.0
2025-02-28,NO_COUPON,8,0.0,4669.73,583.72,4669.73,0.0
2025-03-01,HOLIDAY10,14,731.98,7319.52,522.82,6587.54,10.0
2025-03-01,NO_COUPON,11,0.0,4339.71,394.52,4339.71,0.0
2025-03-01,RING20,11,867.95,4339.71,394.52,3471.76,20.0
2025-03-02,RING20,15,1065.94,5329.66,355.31,4263.72,20.0
2025-03-02,NO_COUPON,10,0.0,5069.74,506.97,5069.74,0.0
2025-03-02,HOLIDAY10,6,416.98,4169.75,694.96,3752.77,10.0
2025-03-03,HOLIDAY10,18,587.0,5869.62,326.09,5282.62,10.0
2025-03-03,NO_COUPON,11,0.0,5929.64,539.06,5929.64,0.0
2025-03-03,RING20,5,341.99,1709.88,341.98,1367.89,20.0
2025-03-04,NO_COUPON,8,0.0,4099.75,512.47,4099.75,0.0
2025-03-04,RING20,8,1093.94,5469.68,683.71,4375.74,20.0
2025-03-04,HOLIDAY10,5,245.0,2449.84,489.97,2204.84,10.0
2025-03-05,HOLIDAY10,13,786.99,7869.51,605.35,7082.52,10.0
2025-03-05,NO_COUPON,13,0.0,5779.66,444.59,5779.66,0.0
2025-03-05,RING20,12,1109.96,5549.68,462.47,4439.72,20.0
2025-03-06,NO_COUPON,9,0.0,4519.73,502.19,4519.73,0.0
2025-03-06,RING20,9,773.97,3869.78,429.98,3095.81,20.0
2025-03-06,HOLIDAY10,7,234.0,2339.79,334.26,2105.79,10.0
2025-03-07,HOLIDAY10,11,584.99,5849.66,531.79,5264.67,10.0
2025-03-07,NO_COUPON,10,0.0,3769.78,376.98,3769.78,0.0
2025-03-07,RING20,10,1239.94,6199.69,619.97,4959.75,20.0
2025-03-08,NO_COUPON,14,0.0,7079.57,505.68,7079.57,0.0
2025-03-08,HOLIDAY10,12,569.0,5689.67,474.14,5120.67,10.0
2025-03-08,RING20,10,847.95,4239.72,423.97,3391.77,20.0
2025-03-09,RING20,16,1353.93,6769.56,423.1,5415.63,20.0
2025-03-09,HOLIDAY10,11,602.99,6029.65,548.15,5426.66,10.0
2025-03-09,NO_COUPON,9,0.0,3989.75,443.31,3989.75,0.0
2025-03-10,HOLIDAY10,16,914.0,9139.47,571.22,8225.47,10.0
2025-03-10,RING20,12,1267.93,6339.66,528.3,5071.73,20.0
2025-03-10,NO_COUPON,9,0.0,4189.71,465.52,4189.71,0.0
2025-03-11,RING20,12,1017.93,5089.65,424.14,4071.72,20.0
2025-03-11,HOLIDAY10,11,260.0,2599.74,236.34,2339.74,10.0
2025-03-11,NO_COUPON,5,0.0,2579.85,515.97,2579.85,0.0
2025-03-12,RING20,11,1171.93,5859.66,532.7,4687.73,20.0
2025-03-12,NO_COUPON,7,0.0,3339.78,477.11,3339.78,0.0
2025-03-12,HOLIDAY10,6,194.0,1939.88,323.31,1745.88,10.0
2025-03-13,RING20,13,1313.91,6569.56,505.35,5255.65,20.0
2025-03-13,NO_COUPON,7,0.0,3029.8,432.83,3029.8,0.0
2025-03-13,HOLIDAY10,5,321.0,3209.79,641.96,2888.79,10.0
2025-03-14,HOLIDAY10,15,615.99,6159.61,410.64,5543.62,10.0
2025-03-14,RING20,9,999.94,4999.7,555.52,3999.76,20.0
2025-03-14,NO_COUPON,8,0.0,3839.76,479.97,3839.76,0.0
2025-03-15,HOLIDAY10,13,753.0,7529.59,579.2,6776.59,10.0
2025-03-15,NO_COUPON,12,0.0,8219.54,684.96,8219.54,0.0
2025-03-15,RING20,9,1025.94,5129.68,569.96,4103.74,20.0
2025-03-16,RING20,12,1163.94,5819.61,484.97,4655.67,20.0
2025-03-16,NO_COUPON,11,0.0,5069.69,460.88,5069.69,0.0
2025-03-16,HOLIDAY10,4,228.0,2279.85,569.96,2051.85,10.0
2025-03-17,NO_COUPON,10,0.0,5539.68,553.97,5539.68,0.0
2025-03-17,RING20,9,1151.94,5759.7,639.97,4607.76,20.0
2025-03-17,HOLIDAY10,5,317.99,3179.82,635.96,2861.83,10.0
2025-03-18,NO_COUPON,12,0.0,6379.61,531.63,6379.61,0.0
2025-03-18,HOLIDAY10,10,510.0,5099.71,509.97,4589.71,10.0
2025-03-18,RING20,9,991.95,4959.72,551.08,3967.77,20.0
2025-03-19,NO_COUPON,13,0.0,4839.69,372.28,4839.69,0.0
2025-03-19,HOLIDAY10,8,483.0,4829.71,603.71,4346.71,10.0
2025-03-19,RING20,7,735.95,3679.8,525.69,2943.85,20.0
2025-03-20,NO_COUPON,13,0.0,7069.54,543.81,7069.54,0.0
2025-03-20,HOLIDAY10,12,522.0,5219.64,434.97,4697.64,10.0
2025-03-20,RING20,12,1409.89,7049.55,587.46,5639.66,20.0
2025-03-21,RING20,18,1521.9,7609.49,422.75,6087.59,20.0
2025-03-21,NO_COUPON,9,0.0,5299.67,588.85,5299.67,0.0
2025-03-21,HOLIDAY10,8,335.0,3349.78,418.72,3014.78,10.0
2025-03-22,HOLIDAY10,12,463.99,4639.76,386.65,4175.77,10.0
2025-03-22,NO_COUPON,6,0.0,2079.87,346.64,2079.87,0.0
2025-03-22,RING20,4,549.96,2749.81,687.45,2199.85,20.0
2025-03-23,NO_COUPON,14,0.0,5789.67,413.55,5789.67,0.0
2025-03-23,RING20,14,1367.9,6839.53,488.54,5471.63,20.0
2025-03-23,HOLIDAY10,11,462.99,4629.7,420.88,4166.71,10.0
2025-03-24,NO_COUPON,12,0.0,5879.7,489.98,5879.7,0.0
2025-03-24,RING20,11,1163.96,5819.71,529.06,4655.75,20.0
2025-03-24,HOLIDAY10,10,539.0,5389.65,538.96,4850.65,10.0
2025-03-25,RING20,15,1343.91,6719.55,447.97,5375.64,20.0
2025-03-25,NO_COUPON,12,0.0,5839.62,486.64,5839.62,0.0
2025-03-25,HOLIDAY10,7,363.98,3639.72,519.96,3275.74,10.0
2025-03-26,HOLIDAY10,12,634.99,6349.61,529.13,5714.62,10.0
2025-03-26,NO_COUPON,11,0.0,6329.62,575.42,6329.62,0.0
2025-03-26,RING20,9,887.96,4439.75,493.31,3551.79,20.0
2025-03-27,HOLIDAY10,15,720.99,7209.5,480.63,6488.51,10.0
2025-03-27,NO_COUPON,12,0.0,5219.64,434.97,5219.64,0.0
2025-03-27,RING20,12,1271.92,6359.59,529.97,5087.67,20.0
2025-03-28,HOLIDAY10,12,586.0,5859.61,488.3,5273.61,10.0
2025-03-28,NO_COUPON,11,0.0,6109.65,555.42,6109.65,0.0
2025-03-28,RING20,10,797.97,3989.78,398.98,3191.81,20.0
2025-03-29,HOLIDAY10,15,801.99,8019.51,534.63,7217.52,10.0
2025-03-29,NO_COUPON,13,0.0,6789.52,522.27,6789.52,0.0
2025-03-29,RING20,13,1309.91,6549.59,503.81,5239.68,20.0
2025-03-30,HOLIDAY10,16,888.0,8879.48,554.97,7991.48,10.0
2025-03-30,NO_COUPON,14,0.0,5719.64,408.55,5719.64,0.0
2025-03-30,RING20,10,897.95,4489.73,448.97,3591.78,20.0
2025-03-31,RING20,14,1639.9,8199.51,585.68,6559.61,20.0
2025-03-31,NO_COUPON,12,0.0,6399.59,533.3,6399.59,0.0
2025-03-31,HOLIDAY10,9,457.0,4569.71,507.75,4112.71,10.0
2025-04-01,RING20,15,1439.91,7199.52,479.97,5759.61,20.0
2025-04-01,NO_COUPON,10,0.0,5459.72,545.97,5459.72,0.0
2025-04-01,HOLIDAY10,8,397.99,3979.72,497.46,3581.73,10.0
2025-04-02,HOLIDAY10,12,700.99,7009.57,584.13,6308.58,10.0
2025-04-02,NO_COUPON,10,0.0,3469.76,346.98,3469.76,0.0
2025-04-02,RING20,7,821.95,4109.76,587.11,3287.81,20.0
2025-04-03,RING20,14,973.94,4869.63,347.83,3895.69,20.0
2025-04-03,HOLIDAY10,9,466.0,4659.75,517.75,4193.75,10.0
2025-04-03,NO_COUPON,7,0.0,4519.73,645.68,4519.73,0.0
2025-04-04,RING20,16,1665.9,8329.51,520.59,6663.61,20.0
2025-04-04,NO_COUPON,11,0.0,7169.6,651.78,7169.6,0.0
2025-04-04,HOLIDAY10,9,492.0,4919.77,546.64,4427.77,10.0
2025-04-05,RING20,15,1301.94,6509.62,433.97,5207.68,20.0
2025-04-05,NO_COUPON,10,0.0,5199.68,519.97,5199.68,0.0
2025-04-05,HOLIDAY10,9,425.99,4259.71,473.3,3833.72,10.0
2025-04-06,RING20,15,1251.95,6259.6,417.31,5007.65,20.0
2025-04-06,HOLIDAY10,10,426.0,4259.76,425.98,3833.76,10.0
2025-04-06,NO_COUPON,9,0.0,6019.65,668.85,6019.65,0.0
2025-04-07,HOLIDAY10,13,600.0,5999.6,461.51,5399.6,10.0
2025-04-07,NO_COUPON,9,0.0,4229.74,469.97,4229.74,0.0
2025-04-07,RING20,8,773.94,3869.75,483.72,3095.81,20.0
2025-04-08,HOLIDAY10,15,784.0,7839.49,522.63,7055.49,10.0
2025-04-08,RING20,8,1035.94,5179.69,647.46,4143.75,20.0
2025-04-08,NO_COUPON,7,0.0,3169.79,452.83,3169.79,0.0
2025-04-09,RING20,12,1605.93,8029.57,669.13,6423.64,20.0
2025-04-09,HOLIDAY10,9,355.0,3549.74,394.42,3194.74,10.0
2025-04-09,NO_COUPON,6,0.0,2229.87,371.64,2229.87,0.0
2025-04-10,RING20,15,1407.91,7039.57,469.3,5631.66,20.0
2025-04-10,HOLIDAY10,13,848.96,8489.49,653.04,7640.53,10.0
2025-04-10,NO_COUPON,10,0.0,5649.7,564.97,5649.7,0.0
2025-04-11,HOLIDAY10,12,556.0,5559.69,463.31,5003.69,10.0
2025-04-11,NO_COUPON,12,0.0,6279.66,523.3,6279.66,0.0
2025-04-11,RING20,12,1199.94,5999.63,499.97,4799.69,20.0
2025-04-12,NO_COUPON,9,0.0,4159.74,462.19,4159.74,0.0
2025-04-12,RING20,9,905.95,4529.76,503.31,3623.81,20.0
2025-04-12,HOLIDAY10,6,202.0,2019.88,336.65,1817.88,10.0
2025-04-13,HOLIDAY10,12,570.0,5699.63,474.97,5129.63,10.0
2025-04-13,NO_COUPON,11,0.0,5729.65,520.88,5729.65,0.0
2025-04-13,RING20,10,1257.94,6289.65,628.96,5031.71,20.0
2025-04-14,NO_COUPON,11,0.0,4379.74,398.16,4379.74,0.0
2025-04-14,RING20,11,837.95,4189.74,380.89,3351.79,20.0
2025-04-14,HOLIDAY10,7,364.0,3639.8,519.97,3275.8,10.0
2025-04-15,HOLIDAY10,14,701.0,7009.62,500.69,6308.62,10.0
2025-04-15,NO_COUPON,8,0.0,4409.76,551.22,4409.76,0.0
2025-04-15,RING20,6,691.97,3459.81,576.64,2767.84,20.0
2025-04-16,HOLIDAY10,10,575.0,5749.69,574.97,5174.69,10.0
2025-04-16,NO_COUPON,10,0.0,5499.65,549.96,5499.65,0.0
2025-04-16,RING20,3,427.97,2139.86,713.29,1711.89,20.0
2025-04-17,HOLIDAY10,18,732.99,7329.53,407.2,6596.54,10.0
2025-04-17,RING20,10,935.96,4679.74,467.97,3743.78,20.0
2025-04-17,NO_COUPON,9,0.0,4609.74,512.19,4609.74,0.0
2025-04-18,HOLIDAY10,12,651.0,6509.64,542.47,5858.64,10.0
2025-04-18,RING20,10,1007.94,5039.72,503.97,4031.78,20.0
2025-04-18,NO_COUPON,9,0.0,3849.74,427.75,3849.74,0.0
2025-04-19,NO_COUPON,13,0.0,6729.64,517.66,6729.64,0.0
2025-04-19,RING20,11,1503.92,7519.58,683.6,6015.66,20.0
2025-04-19,HOLIDAY10,7,238.99,2389.8,341.4,2150.81,10.0
2025-04-20,RING20,15,1541.9,7709.53,513.97,6167.63,20.0
2025-04-20,NO_COUPON,11,0.0,6129.64,557.24,6129.64,0.0
2025-04-20,HOLIDAY10,10,403.0,4029.76,402.98,3626.76,10.0
2025-04-21,HOLIDAY10,15,814.98,8149.52,543.3,7334.54,10.0
2025-04-21,RING20,11,1135.94,5679.67,516.33,4543.73,20.0
2025-04-21,NO_COUPON,7,0.0,3309.81,472.83,3309.81,0.0
2025-04-22,HOLIDAY10,11,399.0,3989.75,362.7,3590.75,10.0
2025-04-22,RING20,6,521.96,2609.84,434.97,2087.88,20.0
2025-04-22,NO_COUPON,4,0.0,1279.92,319.98,1279.92,0.0
2025-04-23,NO_COUPON,11,0.0,4969.73,451.79,4969.73,0.0
2025-04-23,RING20,11,1011.91,5059.66,459.97,4047.75,20.0
2025-04-23,HOLIDAY10,4,192.0,1919.89,479.97,1727.89,10.0
2025-04-24,NO_COUPON,14,0.0,8149.5,582.11,8149.5,0.0
2025-04-24,HOLIDAY10,9,451.0,4509.72,501.08,4058.72,10.0
2025-04-24,RING20,9,733.97,3669.77,407.75,2935.8,20.0
2025-04-25,RING20,13,1245.94,6229.63,479.2,4983.69,20.0
2025-04-25,NO_COUPON,10,0.0,4109.73,410.97,4109.73,0.0
2025-04-25,HOLIDAY10,7,328.99,3289.79,469.97,2960.8,10.0
2025-04-26,NO_COUPON,12,0.0,5289.69,440.81,5289.69,0.0
2025-04-26,RING20,7,741.95,3709.77,529.97,2967.82,20.0
2025-04-27,HOLIDAY10,11,618.99,6189.63,562.69,5570.64,10.0
2025-04-27,RING20,9,1153.93,5769.65,641.07,4615.72,20.0
2025-04-27,NO_COUPON,6,0.0,3309.78,551.63,3309.78,0.0
2025-04-28,RING20,8,625.96,3129.81,391.23,2503.85,20.0
2025-04-28,HOLIDAY10,7,306.0,3059.82,437.12,2753.82,10.0
2025-04-28,NO_COUPON,7,0.0,2199.82,314.26,2199.82,0.0
2025-04-29,RING20,14,1451.89,7259.56,518.54,5807.67,20.0
2025-04-29,HOLIDAY10,11,636.99,6369.65,579.06,5732.66,10.0
2025-04-29,NO_COUPON,10,0.0,5649.67,564.97,5649.67,0.0
2025-04-30,NO_COUPON,11,0.0,5319.63,483.6,5319.63,0.0
2025-04-30,RING20,10,961.95,4809.75,480.98,3847.8,20.0
2025-04-30,HOLIDAY10,8,252.0,2519.81,314.98,2267.81,10.0
2025-05-01,RING20,15,1653.88,8269.45,551.3,6615.57,20.0
2025-05-01,HOLIDAY10,13,599.99,5999.65,461.51,5399.66,10.0
2025-05-01,NO_COUPON,12,0.0,6129.61,510.8,6129.61,0.0
2025-05-02,HOLIDAY10,12,435.0,4349.66,362.47,3914.66,10.0
2025-05-02,NO_COUPON,10,0.0,5489.67,548.97,5489.67,0.0
2025-05-02,RING20,9,845.95,4229.74,469.97,3383.79,20.0
2025-05-03,RING20,9,739.96,3699.76,411.08,2959.8,20.0
2025-05-03,NO_COUPON,7,0.0,2849.8,407.11,2849.8,0.0
2025-05-03,HOLIDAY10,4,217.0,2169.88,542.47,1952.88,10.0
2025-05-04,NO_COUPON,9,0.0,4969.7,552.19,4969.7,0.0
2025-05-04,HOLIDAY10,7,206.0,2059.83,294.26,1853.83,10.0
2025-05-04,RING20,6,555.98,2779.83,463.3,2223.85,20.0
2025-05-05,RING20,15,1531.91,7659.55,510.64,6127.64,20.0
2025-05-05,NO_COUPON,11,0.0,4419.74,401.79,4419.74,0.0
2025-05-05,HOLIDAY10,7,380.0,3799.78,542.83,3419.78,10.0
2025-05-06,RING20,12,1467.92,7339.61,611.63,5871.69,20.0
2025-05-06,NO_COUPON,10,0.0,5139.66,513.97,5139.66,0.0
2025-05-06,HOLIDAY10,9,539.99,5399.71,599.97,4859.72,10.0
2025-05-07,NO_COUPON,12,0.0,5719.62,476.64,5719.62,0.0
2025-05-07,RING20,10,1047.94,5239.7,523.97,4191.76,20.0
2025-05-07,HOLIDAY10,6,321.99,3219.8,536.63,2897.81,10.0
2025-05-08,RING20,13,1299.91,6499.58,499.97,5199.67,20.0
2025-05-08,HOLIDAY10,6,231.0,2309.85,384.98,2078.85,10.0
2025-05-08,NO_COUPON,3,0.0,1129.92,376.64,1129.92,0.0
2025-05-09,NO_COUPON,9,0.0,5069.69,563.3,5069.69,0.0
2025-05-09,HOLIDAY10,8,298.0,2979.84,372.48,2681.84,10.0
2025-05-09,RING20,6,647.96,3239.81,539.97,2591.85,20.0
2025-05-10,RING20,14,1377.93,6889.61,492.12,5511.68,20.0
2025-05-10,HOLIDAY10,12,433.0,4329.73,360.81,3896.73,10.0
2025-05-10,NO_COUPON,6,0.0,2259.84,376.64,2259.84,0.0
2025-05-11,NO_COUPON,16,0.0,6349.59,396.85,6349.59,0.0
2025-05-11,RING20,12,1131.94,5659.68,471.64,4527.74,20.0
2025-05-11,HOLIDAY10,11,591.0,5909.65,537.24,5318.65,10.0
2025-05-12,NO_COUPON,9,0.0,5489.67,609.96,5489.67,0.0
2025-05-12,HOLIDAY10,7,292.0,2919.82,417.12,2627.82,10.0
2025-05-12,RING20,6,457.98,2289.86,381.64,1831.88,20.0
2025-05-13,RING20,11,635.98,3179.77,289.07,2543.79,20.0
2025-05-13,HOLIDAY10,7,342.99,3429.81,489.97,3086.82,10.0
2025-05-13,NO_COUPON,7,0.0,3429.81,489.97,3429.81,0.0
2025-05-14,HOLIDAY10,8,535.99,5359.68,669.96,4823.69,10.0
2025-05-14,RING20,8,765.95,3829.75,478.72,3063.8,20.0
2025-05-14,NO_COUPON,7,0.0,2349.85,335.69,2349.85,0.0
2025-05-15,RING20,14,1501.93,7509.6,536.4,6007.67,20.0
2025-05-15,NO_COUPON,13,0.0,7239.57,556.89,7239.57,0.0
2025-05-15,HOLIDAY10,12,467.99,4679.66,389.97,4211.67,10.0
2025-05-16,HOLIDAY10,14,681.0,6809.59,486.4,6128.59,10.0
2025-05-16,RING20,12,1033.92,5169.68,430.81,4135.76,20.0
2025-05-16,NO_COUPON,8,0.0,4419.74,552.47,4419.74,0.0
2025-05-17,HOLIDAY10,17,931.99,9319.47,548.2,8387.48,10.0
2025-05-17,RING20,17,1905.88,9529.46,560.56,7623.58,20.0
2025-05-17,NO_COUPON,8,0.0,4299.76,537.47,4299.76,0.0
2025-05-18,HOLIDAY10,10,374.0,3739.76,373.98,3365.76,10.0
2025-05-18,RING20,9,1281.94,6409.65,712.18,5127.71,20.0
2025-05-18,NO_COUPON,4,0.0,2619.85,654.96,2619.85,0.0
2025-05-19,RING20,14,1193.93,5969.6,426.4,4775.67,20.0
2025-05-19,HOLIDAY10,7,295.0,2949.82,421.4,2654.82,10.0
2025-05-19,NO_COUPON,7,0.0,3759.78,537.11,3759.78,0.0
2025-05-20,RING20,10,671.97,3359.79,335.98,2687.82,20.0
2025-05-20,HOLIDAY10,8,419.99,4199.77,524.97,3779.78,10.0
2025-05-20,NO_COUPON,7,0.0,4129.8,589.97,4129.8,0.0
2025-05-21,NO_COUPON,11,0.0,4269.74,388.16,4269.74,0.0
2025-05-21,RING20,8,927.95,4639.76,579.97,3711.81,20.0
2025-05-21,HOLIDAY10,6,383.99,3839.78,639.96,3455.79,10.0
2025-05-22,RING20,10,929.94,4649.69,464.97,3719.75,20.0
2025-05-22,NO_COUPON,8,0.0,4269.74,533.72,4269.74,0.0
2025-05-22,HOLIDAY10,7,429.0,4289.73,612.82,3860.73,10.0
2025-05-23,RING20,14,1121.96,5609.7,400.69,4487.74,20.0
2025-05-23,HOLIDAY10,11,492.0,4919.72,447.25,4427.72,10.0
2025-05-23,NO_COUPON,10,0.0,4959.72,495.97,4959.72,0.0
2025-05-24,NO_COUPON,13,0.0,6509.64,500.74,6509.64,0.0
2025-05-24,HOLIDAY10,10,571.0,5709.66,570.97,5138.66,10.0
2025-05-24,RING20,10,983.93,4919.69,491.97,3935.76,20.0
2025-05-25,HOLIDAY10,10,396.0,3959.71,395.97,3563.71,10.0
2025-05-25,RING20,9,753.95,3769.76,418.86,3015.81,20.0
2025-05-25,NO_COUPON,8,0.0,4119.74,514.97,4119.74,0.0
2025-05-26,HOLIDAY10,16,707.99,7079.54,442.47,6371.55,10.0
2025-05-26,NO_COUPON,11,0.0,4949.74,449.98,4949.74,0.0
2025-05-26,RING20,10,901.95,4509.72,450.97,3607.77,20.0
2025-05-27,NO_COUPON,15,0.0,8979.52,598.63,8979.52,0.0
2025-05-27,HOLIDAY10,11,695.99,6959.61,632.69,6263.62,10.0
2025-05-27,RING20,10,933.95,4669.7,466.97,3735.75,20.0
2025-05-28,NO_COUPON,14,0.0,6569.63,469.26,6569.63,0.0
2025-05-28,RING20,10,949.94,4749.73,474.97,3799.79,20.0
2025-05-28,HOLIDAY10,4,227.0,2269.87,567.47,2042.87,10.0
2025-05-29,HOLIDAY10,11,531.0,5309.65,482.7,4778.65,10.0
2025-05-29,NO_COUPON,11,0.0,4699.7,427.25,4699.7,0.0
2025-05-29,RING20,10,883.95,4419.74,441.97,3535.79,20.0
2025-05-30,HOLIDAY10,14,932.98,9329.5,666.39,8396.52,10.0
2025-05-30,NO_COUPON,14,0.0,7079.57,505.68,7079.57,0.0
2025-05-30,RING20,7,663.97,3319.84,474.26,2655.87,20.0
2025-05-31,NO_COUPON,13,0.0,5989.65,460.74,5989.65,0.0
2025-05-31,HOLIDAY10,9,525.0,5249.71,583.3,4724.71,10.0
2025-05-31,RING20,6,557.97,2789.81,464.97,2231.84,20.0
2025-06-01,HOLIDAY10,10,641.98,6419.61,641.96,5777.63,10.0
2025-06-01,NO_COUPON,10,0.0,4619.74,461.97,4619.74,0.0
2025-06-01,RING20,7,777.95,3889.74,555.68,3111.79,20.0
2025-06-02,HOLIDAY10,14,734.0,7339.59,524.26,6605.59,10.0
2025-06-02,RING20,14,1347.92,6739.59,481.4,5391.67,20.0
2025-06-02,NO_COUPON,10,0.0,4949.71,494.97,4949.71,0.0
2025-06-03,RING20,15,1789.91,8949.55,596.64,7159.64,20.0
2025-06-03,HOLIDAY10,9,597.99,5979.67,664.41,5381.68,10.0
2025-06-03,NO_COUPON,7,0.0,2339.84,334.26,2339.84,0.0
2025-06-04,HOLIDAY10,9,461.0,4609.71,512.19,4148.71,10.0
2025-06-04,NO_COUPON,8,0.0,4479.75,559.97,4479.75,0.0
2025-06-04,RING20,7,851.94,4259.76,608.54,3407.82,20.0
2025-06-05,RING20,17,2059.89,10299.42,605.85,8239.53,20.0
2025-06-05,HOLIDAY10,16,694.0,6939.55,433.72,6245.55,10.0
2025-06-05,NO_COUPON,10,0.0,4379.74,437.97,4379.74,0.0
2025-06-06,RING20,16,1531.9,7659.52,478.72,6127.62,20.0
2025-06-06,HOLIDAY10,10,502.0,5019.73,501.97,4517.73,10.0
2025-06-06,NO_COUPON,8,0.0,4299.79,537.47,4299.79,0.0
2025-06-07,RING20,15,1695.91,8479.52,565.3,6783.61,20.0
2025-06-07,HOLIDAY10,13,392.0,3919.73,301.52,3527.73,10.0
2025-06-07,NO_COUPON,11,0.0,3989.75,362.7,3989.75,0.0
2025-06-08,NO_COUPON,12,0.0,5449.64,454.14,5449.64,0.0
2025-06-08,RING20,9,1021.95,5109.72,567.75,4087.77,20.0
2025-06-08,HOLIDAY10,8,321.0,3209.76,401.22,2888.76,10.0
2025-06-09,HOLIDAY10,8,377.0,3769.76,471.22,3392.76,10.0
2025-06-09,RING20,8,909.95,4549.75,568.72,3639.8,20.0
2025-06-09,NO_COUPON,6,0.0,3689.78,614.96,3689.78,0.0
2025-06-10,HOLIDAY10,13,586.0,5859.61,450.74,5273.61,10.0
2025-06-10,NO_COUPON,11,0.0,4269.74,388.16,4269.74,0.0
2025-06-10,RING20,10,919.96,4599.73,459.97,3679.77,20.0
2025-06-11,NO_COUPON,15,0.0,7599.56,506.64,7599.56,0.0
2025-06-11,HOLIDAY10,12,560.0,5599.64,466.64,5039.64,10.0
2025-06-11,RING20,7,455.99,2279.85,325.69,1823.86,20.0
2025-06-12,HOLIDAY10,13,644.0,6439.59,495.35,5795.59,10.0
2025-06-12,RING20,12,1223.93,6119.64,509.97,4895.71,20.0
2025-06-12,NO_COUPON,8,0.0,4569.71,571.21,4569.71,0.0
2025-06-13,NO_COUPON,15,0.0,8049.5,536.63,8049.5,0.0
2025-06-13,RING20,15,1553.89,7769.52,517.97,6215.63,20.0
2025-06-13,HOLIDAY10,9,330.99,3309.78,367.75,2978.79,10.0
2025-06-14,NO_COUPON,11,0.0,6119.61,556.33,6119.61,0.0
2025-06-14,HOLIDAY10,8,586.99,5869.67,733.71,5282.68,10.0
2025-06-14,RING20,8,787.96,3939.77,492.47,3151.81,20.0
2025-06-15,RING20,13,1153.95,5769.68,443.82,4615.73,20.0
2025-06-15,HOLIDAY10,12,587.0,5869.67,489.14,5282.67,10.0
2025-06-15,NO_COUPON,6,0.0,3199.81,533.3,3199.81,0.0
2025-06-16,HOLIDAY10,12,807.99,8079.6,673.3,7271.61,10.0
2025-06-16,RING20,10,749.97,3749.77,374.98,2999.8,20.0
2025-06-16,NO_COUPON,8,0.0,5139.74,642.47,5139.74,0.0
2025-06-17,NO_COUPON,13,0.0,6079.63,467.66,6079.63,0.0
2025-06-17,HOLIDAY10,9,297.0,2969.78,329.98,2672.78,10.0
2025-06-17,RING20,9,1007.95,5039.7,559.97,4031.75,20.0
2025-06-18,HOLIDAY10,13,614.99,6149.63,473.05,5534.64,10.0
2025-06-18,RING20,9,911.96,4559.76,506.64,3647.8,20.0
2025-06-18,NO_COUPON,6,0.0,2789.81,464.97,2789.81,0.0
2025-06-19,RING20,10,901.94,4509.7,450.97,3607.76,20.0
2025-06-19,HOLIDAY10,8,538.0,5379.72,672.46,4841.72,10.0
2025-06-19,NO_COUPON,6,0.0,3569.8,594.97,3569.8,0.0
2025-06-20,NO_COUPON,13,0.0,6529.66,502.28,6529.66,0.0
2025-06-20,HOLIDAY10,8,375.0,3749.75,468.72,3374.75,10.0
2025-06-20,RING20,8,793.95,3969.74,496.22,3175.79,20.0
2025-06-21,HOLIDAY10,19,977.0,9769.42,514.18,8792.42,10.0
2025-06-21,NO_COUPON,9,0.0,3179.74,353.3,3179.74,0.0
2025-06-21,RING20,9,899.95,4499.74,499.97,3599.79,20.0
2025-06-22,RING20,12,939.95,4699.7,391.64,3759.75,20.0
2025-06-22,NO_COUPON,8,0.0,4259.76,532.47,4259.76,0.0
2025-06-22,HOLIDAY10,7,218.0,2179.81,311.4,1961.81,10.0
2025-06-23,NO_COUPON,13,0.0,7219.54,555.35,7219.54,0.0
2025-06-23,RING20,10,1237.92,6189.66,618.97,4951.74,20.0
2025-06-23,HOLIDAY10,7,354.0,3539.76,505.68,3185.76,10.0
2025-06-24,NO_COUPON,13,0.0,6699.59,515.35,6699.59,0.0
2025-06-24,HOLIDAY10,8,341.0,3409.8,426.22,3068.8,10.0
2025-06-24,RING20,6,567.97,2839.82,473.3,2271.85,20.0
2025-06-25,RING20,14,1409.92,7049.62,503.54,5639.7,20.0
2025-06-25,NO_COUPON,12,0.0,5139.61,428.3,5139.61,0.0
2025-06-25,HOLIDAY10,7,389.0,3889.79,555.68,3500.79,10.0
2025-06-26,HOLIDAY10,11,559.0,5589.69,508.15,5030.69,10.0
2025-06-26,RING20,9,841.95,4209.75,467.75,3367.8,20.0
2025-06-26,NO_COUPON,7,0.0,3499.81,499.97,3499.81,0.0
2025-06-27,RING20,15,1625.89,8129.51,541.97,6503.62,20.0
2025-06-27,HOLIDAY10,12,408.0,4079.64,339.97,3671.64,10.0
2025-06-27,NO_COUPON,12,0.0,5909.62,492.47,5909.62,0.0
2025-06-28,NO_COUPON,12,0.0,6689.56,557.46,6689.56,0.0
2025-06-28,RING20,12,1131.92,5659.6,471.63,4527.68,20.0
2025-06-28,HOLIDAY10,10,425.0,4249.72,424.97,3824.72,10.0
2025-06-29,HOLIDAY10,10,462.99,4629.7,462.97,4166.71,10.0
2025-06-29,NO_COUPON,6,0.0,2949.82,491.64,2949.82,0.0
2025-06-29,RING20,2,93.99,469.96,234.98,375.97,20.0
2025-06-30,HOLIDAY10,10,513.99,5139.66,513.97,4625.67,10.0
2025-06-30,NO_COUPON,8,0.0,2699.83,337.48,2699.83,0.0
2025-06-30,RING20,5,375.98,1879.89,375.98,1503.91,20.0
2025-07-01,NO_COUPON,14,0.0,6309.63,450.69,6309.63,0.0
2025-07-01,HOLIDAY10,12,616.0,6159.66,513.3,5543.66,10.0
2025-07-01,RING20,12,1245.93,6229.63,519.14,4983.7,20.0
2025-07-02,HOLIDAY10,8,345.0,3449.8,431.22,3104.8,10.0
2025-07-02,NO_COUPON,7,0.0,3569.78,509.97,3569.78,0.0
2025-07-02,RING20,6,545.97,2729.85,454.98,2183.88,20.0
2025-07-03,HOLIDAY10,15,526.0,5259.62,350.64,4733.62,10.0
2025-07-03,RING20,9,921.92,4609.69,512.19,3687.77,20.0
2025-07-03,NO_COUPON,7,0.0,3949.77,564.25,3949.77,0.0
2025-07-04,HOLIDAY10,14,734.0,7339.56,524.25,6605.56,10.0
2025-07-04,RING20,14,1369.91,6849.54,489.25,5479.63,20.0
2025-07-04,NO_COUPON,9,0.0,4229.79,469.98,4229.79,0.0
2025-07-05,HOLIDAY10,11,576.0,5759.67,523.61,5183.67,10.0
2025-07-05,NO_COUPON,8,0.0,6019.64,752.46,6019.64,0.0
2025-07-05,RING20,6,577.97,2889.83,481.64,2311.86,20.0
2025-07-06,RING20,14,1431.9,7159.59,511.4,5727.69,20.0
2025-07-06,HOLIDAY10,8,370.0,3699.79,462.47,3329.79,10.0
2025-07-06,NO_COUPON,7,0.0,4239.72,605.67,4239.72,0.0
2025-07-07,RING20,12,1091.93,5459.62,454.97,4367.69,20.0
2025-07-07,NO_COUPON,11,0.0,6059.62,550.87,6059.62,0.0
2025-07-07,HOLIDAY10,10,504.98,5049.7,504.97,4544.72,10.0
2025-07-08,RING20,12,1227.93,6139.62,511.64,4911.69,20.0
2025-07-08,HOLIDAY10,9,541.99,5419.72,602.19,4877.73,10.0
2025-07-08,NO_COUPON,7,0.0,2359.83,337.12,2359.83,0.0
2025-07-09,HOLIDAY10,9,394.0,3939.77,437.75,3545.77,10.0
2025-07-09,NO_COUPON,9,0.0,4909.71,545.52,4909.71,0.0
2025-07-09,RING20,9,731.97,3659.76,406.64,2927.79,20.0
2025-07-10,HOLIDAY10,13,762.0,7619.57,586.12,6857.57,10.0
2025-07-10,NO_COUPON,11,0.0,7309.59,664.51,7309.59,0.0
2025-07-10,RING20,9,1025.94,5129.68,569.96,4103.74,20.0
2025-07-11,NO_COUPON,13,0.0,5879.65,452.28,5879.65,0.0
2025-07-11,HOLIDAY10,8,302.0,3019.84,377.48,2717.84,10.0
2025-07-11,RING20,8,967.95,4839.77,604.97,3871.82,20.0
2025-07-12,NO_COUPON,12,0.0,5989.65,499.14,5989.65,0.0
2025-07-12,HOLIDAY10,8,446.99,4469.75,558.72,4022.76,10.0
2025-07-12,RING20,7,947.94,4739.72,677.1,3791.78,20.0
2025-07-13,RING20,14,1603.89,8019.51,572.82,6415.62,20.0
2025-07-13,HOLIDAY10,9,328.0,3279.79,364.42,2951.79,10.0
2025-07-13,NO_COUPON,4,0.0,2749.84,687.46,2749.84,0.0
2025-07-14,HOLIDAY10,14,715.0,7149.56,510.68,6434.56,10.0
2025-07-14,NO_COUPON,10,0.0,5299.69,529.97,5299.69,0.0
2025-07-14,RING20,10,1035.93,5179.64,517.96,4143.71,20.0
2025-07-15,HOLIDAY10,16,735.0,7349.57,459.35,6614.57,10.0
2025-07-15,RING20,13,1297.92,6489.61,499.2,5191.69,20.0
2025-07-15,NO_COUPON,10,0.0,4849.67,484.97,4849.67,0.0
2025-07-16,RING20,13,1257.92,6289.62,483.82,5031.7,20.0
2025-07-16,NO_COUPON,10,0.0,5669.63,566.96,5669.63,0.0
2025-07-16,HOLIDAY10,9,477.99,4779.7,531.08,4301.71,10.0
2025-07-17,RING20,14,1635.88,8179.49,584.25,6543.61,20.0
2025-07-17,HOLIDAY10,13,458.0,4579.67,352.28,4121.67,10.0
2025-07-17,NO_COUPON,6,0.0,4179.73,696.62,4179.73,0.0
2025-07-18,NO_COUPON,15,0.0,8509.49,567.3,8509.49,0.0
2025-07-18,HOLIDAY10,12,556.99,5569.64,464.14,5012.65,10.0
2025-07-18,RING20,8,801.97,4009.77,501.22,3207.8,20.0
2025-07-19,NO_COUPON,15,0.0,6519.57,434.64,6519.57,0.0
2025-07-19,HOLIDAY10,10,510.99,5109.72,510.97,4598.73,10.0
2025-07-19,RING20,6,357.99,1789.88,298.31,1431.89,20.0
2025-07-20,RING20,13,1357.93,6789.62,522.28,5431.69,20.0
2025-07-20,HOLIDAY10,12,580.99,5809.66,484.14,5228.67,10.0
2025-07-20,NO_COUPON,6,0.0,1929.85,321.64,1929.85,0.0
2025-07-21,HOLIDAY10,16,841.0,8409.49,525.59,7568.49,10.0
2025-07-21,RING20,11,909.94,4549.67,413.61,3639.73,20.0
2025-07-21,NO_COUPON,4,0.0,2279.88,569.97,2279.88,0.0
2025-07-22,RING20,12,1293.92,6469.64,539.14,5175.72,20.0
2025-07-22,NO_COUPON,10,0.0,3759.75,375.98,3759.75,0.0
2025-07-22,HOLIDAY10,9,391.0,3909.75,434.42,3518.75,10.0
2025-07-23,HOLIDAY10,14,522.0,5219.64,372.83,4697.64,10.0
2025-07-23,NO_COUPON,8,0.0,4329.7,541.21,4329.7,0.0
2025-07-23,RING20,6,491.98,2459.87,409.98,1967.89,20.0
2025-07-24,HOLIDAY10,13,650.0,6499.66,499.97,5849.66,10.0
2025-07-24,NO_COUPON,10,0.0,3659.78,365.98,3659.78,0.0
2025-07-24,RING20,8,855.93,4279.72,534.96,3423.79,20.0
2025-07-25,RING20,13,1387.91,6939.55,533.81,5551.64,20.0
2025-07-25,NO_COUPON,11,0.0,4419.71,401.79,4419.71,0.0
2025-07-25,HOLIDAY10,7,439.99,4399.75,628.54,3959.76,10.0
2025-07-26,HOLIDAY10,13,697.99,6979.58,536.89,6281.59,10.0
2025-07-26,NO_COUPON,13,0.0,7399.58,569.2,7399.58,0.0
2025-07-26,RING20,11,1127.94,5639.67,512.7,4511.73,20.0
2025-07-27,RING20,13,1505.92,7529.59,579.2,6023.67,20.0
2025-07-27,HOLIDAY10,7,313.0,3129.81,447.12,2816.81,10.0
2025-07-27,NO_COUPON,7,0.0,3839.81,548.54,3839.81,0.0
2025-07-28,HOLIDAY10,17,854.0,8539.48,502.32,7685.48,10.0
2025-07-28,NO_COUPON,11,0.0,4409.73,400.88,4409.73,0.0
2025-07-28,RING20,10,1165.93,5829.64,582.96,4663.71,20.0
2025-07-29,RING20,11,1109.92,5549.61,504.51,4439.69,20.0
2025-07-29,HOLIDAY10,7,398.0,3979.75,568.54,3581.75,10.0
2025-07-29,NO_COUPON,4,0.0,1969.87,492.47,1969.87,0.0
2025-07-30,HOLIDAY10,16,666.0,6659.62,416.23,5993.62,10.0
2025-07-30,NO_COUPON,9,0.0,3379.78,375.53,3379.78,0.0
2025-07-30,RING20,9,785.96,3929.74,436.64,3143.78,20.0
2025-07-31,NO_COUPON,16,0.0,6579.59,411.22,6579.59,0.0
2025-07-31,HOLIDAY10,12,524.0,5239.68,436.64,4715.68,10.0
2025-07-31,RING20,11,921.95,4609.69,419.06,3687.74,20.0
2025-08-01,RING20,12,1063.92,5319.63,443.3,4255.71,20.0
2025-08-01,NO_COUPON,11,0.0,5029.69,457.24,5029.69,0.0
2025-08-01,HOLIDAY10,10,369.0,3689.76,368.98,3320.76,10.0
2025-08-02,NO_COUPON,12,0.0,6709.62,559.14,6709.62,0.0
2025-08-02,RING20,9,811.96,4059.75,451.08,3247.79,20.0
2025-08-02,HOLIDAY10,8,373.99,3739.79,467.47,3365.8,10.0
2025-08-03,NO_COUPON,12,0.0,6459.61,538.3,6459.61,0.0
2025-08-03,HOLIDAY10,11,402.0,4019.72,365.43,3617.72,10.0
2025-08-03,RING20,11,1243.93,6219.62,565.42,4975.69,20.0
2025-08-04,HOLIDAY10,15,942.99,9429.47,628.63,8486.48,10.0
2025-08-04,RING20,15,1535.92,7679.51,511.97,6143.59,20.0
2025-08-04,NO_COUPON,14,0.0,6469.64,462.12,6469.64,0.0
2025-08-05,HOLIDAY10,10,420.0,4199.74,419.97,3779.74,10.0
2025-08-05,NO_COUPON,9,0.0,5009.67,556.63,5009.67,0.0
2025-08-05,RING20,9,581.96,2909.77,323.31,2327.81,20.0
2025-08-06,HOLIDAY10,17,805.0,8049.51,473.5,7244.51,10.0
2025-08-06,NO_COUPON,7,0.0,2149.81,307.12,2149.81,0.0
2025-08-06,RING20,6,653.97,3269.83,544.97,2615.86,20.0
2025-08-07,NO_COUPON,9,0.0,4289.75,476.64,4289.75,0.0
2025-08-07,HOLIDAY10,8,343.0,3429.81,428.73,3086.81,10.0
2025-08-07,RING20,8,817.95,4089.77,511.22,3271.82,20.0
2025-08-08,NO_COUPON,11,0.0,6659.64,605.42,6659.64,0.0
2025-08-08,HOLIDAY10,9,377.99,3779.77,419.97,3401.78,10.0
2025-08-08,RING20,8,965.93,4829.66,603.71,3863.73,20.0
2025-08-09,NO_COUPON,13,0.0,6639.63,510.74,6639.63,0.0
2025-08-09,HOLIDAY10,10,722.99,7229.64,722.96,6506.65,10.0
2025-08-09,RING20,9,929.95,4649.74,516.64,3719.79,20.0
2025-08-10,RING20,10,1173.93,5869.65,586.96,4695.72,20.0
2025-08-10,HOLIDAY10,9,384.0,3839.73,426.64,3455.73,10.0
2025-08-10,NO_COUPON,9,0.0,4929.7,547.74,4929.7,0.0
2025-08-11,HOLIDAY10,11,554.98,5549.66,504.51,4994.68,10.0
2025-08-11,NO_COUPON,9,0.0,3459.78,384.42,3459.78,0.0
2025-08-11,RING20,9,783.96,3919.73,435.53,3135.77,20.0
2025-08-12,HOLIDAY10,9,533.0,5329.74,592.19,4796.74,10.0
2025-08-12,NO_COUPON,9,0.0,5579.65,619.96,5579.65,0.0
2025-08-12,RING20,8,677.95,3389.76,423.72,2711.81,20.0
2025-08-13,NO_COUPON,15,0.0,5299.64,353.31,5299.64,0.0
2025-08-13,HOLIDAY10,13,791.99,7919.55,609.2,7127.56,10.0
2025-08-13,RING20,9,1049.94,5249.71,583.3,4199.77,20.0
2025-08-14,NO_COUPON,11,0.0,5279.66,479.97,5279.66,0.0
2025-08-14,RING20,9,999.94,4999.72,555.52,3999.78,20.0
2025-08-14,HOLIDAY10,8,458.0,4579.72,572.46,4121.72,10.0
2025-08-15,HOLIDAY10,17,884.0,8839.48,519.97,7955.48,10.0
2025-08-15,RING20,8,605.97,3029.8,378.72,2423.83,20.0
2025-08-15,NO_COUPON,7,0.0,3999.76,571.39,3999.76,0.0
2025-08-16,RING20,16,1571.89,7859.48,491.22,6287.59,20.0
2025-08-16,NO_COUPON,13,0.0,5869.65,451.51,5869.65,0.0
2025-08-16,HOLIDAY10,5,263.0,2629.81,525.96,2366.81,10.0
2025-08-17,HOLIDAY10,12,495.0,4949.69,412.47,4454.69,10.0
2025-08-17,NO_COUPON,10,0.0,4119.71,411.97,4119.71,0.0
2025-08-17,RING20,6,731.97,3659.79,609.96,2927.82,20.0
2025-08-18,HOLIDAY10,14,683.0,6829.61,487.83,6146.61,10.0
2025-08-18,NO_COUPON,11,0.0,6679.6,607.24,6679.6,0.0
2025-08-18,RING20,10,1039.94,5199.68,519.97,4159.74,20.0
2025-08-19,HOLIDAY10,16,913.99,9139.45,571.22,8225.46,10.0
2025-08-19,RING20,9,911.93,4559.73,506.64,3647.8,20.0
2025-08-19,NO_COUPON,6,0.0,2519.86,419.98,2519.86,0.0
2025-08-20,NO_COUPON,12,0.0,7489.59,624.13,7489.59,0.0
2025-08-20,RING20,7,451.98,2259.84,322.83,1807.86,20.0
2025-08-20,HOLIDAY10,6,339.99,3399.79,566.63,3059.8,10.0
2025-08-21,HOLIDAY10,16,907.97,9079.41,567.46,8171.44,10.0
2025-08-21,NO_COUPON,10,0.0,3679.75,367.98,3679.75,0.0
2025-08-21,RING20,7,511.98,2559.86,365.69,2047.88,20.0
2025-08-22,RING20,18,1617.9,8089.49,449.42,6471.59,20.0
2025-08-22,NO_COUPON,12,0.0,7249.63,604.14,7249.63,0.0
2025-08-22,HOLIDAY10,8,366.0,3659.79,457.47,3293.79,10.0
2025-08-23,HOLIDAY10,12,530.0,5299.64,441.64,4769.64,10.0
2025-08-23,RING20,10,893.95,4469.72,446.97,3575.77,20.0
2025-08-23,NO_COUPON,8,0.0,3049.84,381.23,3049.84,0.0
2025-08-24,HOLIDAY10,12,573.99,5739.66,478.3,5165.67,10.0
2025-08-24,RING20,12,1279.94,6399.62,533.3,5119.68,20.0
2025-08-24,NO_COUPON,9,0.0,4049.77,449.97,4049.77,0.0
2025-08-25,RING20,17,1641.91,8209.51,482.91,6567.6,20.0
2025-08-25,HOLIDAY10,9,460.99,4609.69,512.19,4148.7,10.0
2025-08-25,NO_COUPON,7,0.0,3769.81,538.54,3769.81,0.0
2025-08-26,NO_COUPON,11,0.0,6539.64,594.51,6539.64,0.0
2025-08-26,RING20,11,1329.93,6649.63,604.51,5319.7,20.0
2025-08-26,HOLIDAY10,7,404.0,4039.74,577.11,3635.74,10.0
2025-08-27,RING20,16,1905.89,9529.45,595.59,7623.56,20.0
2025-08-27,NO_COUPON,10,0.0,4919.72,491.97,4919.72,0.0
2025-08-27,HOLIDAY10,4,122.0,1219.93,304.98,1097.93,10.0
2025-08-28,NO_COUPON,13,0.0,5999.63,461.51,5999.63,0.0
2025-08-28,HOLIDAY10,10,425.0,4249.75,424.98,3824.75,10.0
2025-08-28,RING20,7,895.95,4479.75,639.96,3583.8,20.0
2025-08-29,HOLIDAY10,13,431.0,4309.69,331.51,3878.69,10.0
2025-08-29,RING20,12,1293.94,6469.61,539.13,5175.67,20.0
2025-08-29,NO_COUPON,9,0.0,3749.77,416.64,3749.77,0.0
2025-08-30,NO_COUPON,12,0.0,6649.61,554.13,6649.61,0.0
2025-08-30,HOLIDAY10,9,576.0,5759.7,639.97,5183.7,10.0
2025-08-30,RING20,8,975.94,4879.74,609.97,3903.8,20.0
2025-08-31,NO_COUPON,16,0.0,7219.51,451.22,7219.51,0.0
2025-08-31,RING20,12,1407.92,7039.59,586.63,5631.67,20.0
2025-08-31,HOLIDAY10,10,456.0,4559.73,455.97,4103.73,10.0
2025-09-01,RING20,14,1579.92,7899.55,564.25,6319.63,20.0
2025-09-01,HOLIDAY10,12,553.0,5529.67,460.81,4976.67,10.0
2025-09-01,NO_COUPON,10,0.0,5209.66,520.97,5209.66,0.0
2025-09-02,NO_COUPON,19,0.0,8039.6,423.14,8039.6,0.0
2025-09-02,HOLIDAY10,15,783.98,7839.5,522.63,7055.52,10.0
2025-09-02,RING20,11,981.92,4909.66,446.33,3927.74,20.0
2025-09-03,HOLIDAY10,12,485.0,4849.69,404.14,4364.69,10.0
2025-09-03,RING20,11,1279.92,6399.67,581.79,5119.75,20.0
2025-09-03,NO_COUPON,4,0.0,2069.89,517.47,2069.89,0.0
2025-09-04,NO_COUPON,16,0.0,7599.51,474.97,7599.51,0.0
2025-09-04,HOLIDAY10,15,811.0,8109.49,540.63,7298.49,10.0
2025-09-04,RING20,7,619.96,3099.79,442.83,2479.83,20.0
2025-09-05,HOLIDAY10,15,652.0,6519.6,434.64,5867.6,10.0
2025-09-05,NO_COUPON,10,0.0,5569.7,556.97,5569.7,0.0
2025-09-05,RING20,10,1019.94,5099.69,509.97,4079.75,20.0
2025-09-06,HOLIDAY10,12,576.0,5759.67,479.97,5183.67,10.0
2025-09-06,RING20,12,1127.94,5639.67,469.97,4511.73,20.0
2025-09-06,NO_COUPON,10,0.0,5909.62,590.96,5909.62,0.0
2025-09-07,RING20,10,1389.93,6949.63,694.96,5559.7,20.0
2025-09-07,HOLIDAY10,8,547.99,5479.71,684.96,4931.72,10.0
2025-09-07,NO_COUPON,8,0.0,4289.75,536.22,4289.75,0.0
2025-09-08,NO_COUPON,11,0.0,5739.68,521.79,5739.68,0.0
2025-09-08,HOLIDAY10,10,443.0,4429.71,442.97,3986.71,10.0
2025-09-08,RING20,10,1351.91,6759.58,675.96,5407.67,20.0
2025-09-09,NO_COUPON,10,0.0,5079.75,507.98,5079.75,0.0
2025-09-09,HOLIDAY10,9,379.0,3789.75,421.08,3410.75,10.0
2025-09-09,RING20,8,939.96,4699.75,587.47,3759.79,20.0
2025-09-10,NO_COUPON,13,0.0,5759.59,443.05,5759.59,0.0
2025-09-10,RING20,12,1057.94,5289.66,440.8,4231.72,20.0
2025-09-10,HOLIDAY10,9,416.0,4159.74,462.19,3743.74,10.0
2025-09-11,NO_COUPON,14,0.0,5529.64,394.97,5529.64,0.0
2025-09-11,HOLIDAY10,12,728.98,7289.58,607.46,6560.6,10.0
2025-09-11,RING20,8,957.95,4789.76,598.72,3831.81,20.0
2025-09-12,HOLIDAY10,12,679.99,6799.63,566.64,6119.64,10.0
2025-09-12,RING20,8,545.95,2729.77,341.22,2183.82,20.0
2025-09-12,NO_COUPON,6,0.0,2299.84,383.31,2299.84,0.0
2025-09-13,HOLIDAY10,9,539.99,5399.68,599.96,4859.69,10.0
2025-09-13,NO_COUPON,7,0.0,2909.82,415.69,2909.82,0.0
2025-09-13,RING20,4,227.98,1139.9,284.98,911.92,20.0
2025-09-14,RING20,13,1163.95,5819.66,447.67,4655.71,20.0
2025-09-14,NO_COUPON,10,0.0,3119.76,311.98,3119.76,0.0
2025-09-14,HOLIDAY10,5,288.99,2889.83,577.97,2600.84,10.0
2025-09-15,RING20,14,1027.94,5139.66,367.12,4111.72,20.0
2025-09-15,HOLIDAY10,12,639.99,6399.62,533.3,5759.63,10.0
2025-09-15,NO_COUPON,10,0.0,4889.69,488.97,4889.69,0.0
2025-09-16,HOLIDAY10,11,711.0,7109.61,646.33,6398.61,10.0
2025-09-16,RING20,7,679.95,3399.79,485.68,2719.84,20.0
2025-09-16,NO_COUPON,3,0.0,1199.89,399.96,1199.89,0.0
2025-09-17,HOLIDAY10,9,401.0,4009.74,445.53,3608.74,10.0
2025-09-17,RING20,8,791.96,3959.79,494.97,3167.83,20.0
2025-09-17,NO_COUPON,7,0.0,3399.82,485.69,3399.82,0.0
2025-09-18,HOLIDAY10,16,773.0,7729.57,483.1,6956.57,10.0
2025-09-18,RING20,14,1195.93,5979.62,427.12,4783.69,20.0
2025-09-18,NO_COUPON,11,0.0,5719.67,519.97,5719.67,0.0
2025-09-19,RING20,10,1223.93,6119.63,611.96,4895.7,20.0
2025-09-19,NO_COUPON,5,0.0,1669.9,333.98,1669.9,0.0
2025-09-19,HOLIDAY10,4,142.0,1419.91,354.98,1277.91,10.0
2025-09-20,NO_COUPON,14,0.0,6669.62,476.4,6669.62,0.0
2025-09-20,HOLIDAY10,13,540.0,5399.66,415.36,4859.66,10.0
2025-09-20,RING20,8,879.95,4399.75,549.97,3519.8,20.0
2025-09-21,NO_COUPON,16,0.0,8029.51,501.84,8029.51,0.0
2025-09-21,RING20,9,817.94,4089.77,454.42,3271.83,20.0
2025-09-21,HOLIDAY10,5,300.0,2999.83,599.97,2699.83,10.0
2025-09-22,HOLIDAY10,18,828.0,8279.53,459.97,7451.53,10.0
2025-09-22,NO_COUPON,7,0.0,3799.78,542.83,3799.78,0.0
2025-09-22,RING20,7,761.95,3809.76,544.25,3047.81,20.0
2025-09-23,NO_COUPON,11,0.0,5389.65,489.97,5389.65,0.0
2025-09-23,HOLIDAY10,7,338.0,3379.8,482.83,3041.8,10.0
2025-09-23,RING20,4,263.97,1319.89,329.97,1055.92,20.0
2025-09-24,NO_COUPON,12,0.0,6889.62,574.14,6889.62,0.0
2025-09-24,HOLIDAY10,6,390.0,3899.79,649.96,3509.79,10.0
2025-09-24,RING20,5,423.97,2119.85,423.97,1695.88,20.0
2025-09-25,HOLIDAY10,12,702.99,7029.56,585.8,6326.57,10.0
2025-09-25,NO_COUPON,7,0.0,3709.77,529.97,3709.77,0.0
2025-09-25,RING20,7,631.97,3159.81,451.4,2527.84,20.0
2025-09-26,HOLIDAY10,13,604.0,6039.61,464.59,5435.61,10.0
2025-09-26,RING20,12,961.95,4809.69,400.81,3847.74,20.0
2025-09-26,NO_COUPON,9,0.0,4289.73,476.64,4289.73,0.0
2025-09-27,RING20,10,971.95,4859.7,485.97,3887.75,20.0
2025-09-27,NO_COUPON,8,0.0,3809.76,476.22,3809.76,0.0
2025-09-27,HOLIDAY10,3,223.0,2229.87,743.29,2006.87,10.0
2025-09-28,HOLIDAY10,14,683.0,6829.6,487.83,6146.6,10.0
2025-09-28,NO_COUPON,9,0.0,4629.7,514.41,4629.7,0.0
2025-09-28,RING20,7,555.94,2779.78,397.11,2223.84,20.0
2025-09-29,NO_COUPON,15,0.0,7169.57,477.97,7169.57,0.0
2025-09-29,RING20,10,973.94,4869.71,486.97,3895.77,20.0
2025-09-29,HOLIDAY10,7,363.0,3629.79,518.54,3266.79,10.0
2025-09-30,HOLIDAY10,12,678.99,6789.55,565.8,6110.56,10.0
2025-09-30,NO_COUPON,7,0.0,2769.85,395.69,2769.85,0.0
2025-09-30,RING20,5,649.97,3249.84,649.97,2599.87,20.0
2025-10-01,RING20,14,1259.93,6299.6,449.97,5039.67,20.0
2025-10-01,NO_COUPON,9,0.0,5219.69,579.97,5219.69,0.0
2025-10-01,HOLIDAY10,8,420.0,4199.77,524.97,3779.77,10.0
2025-10-02,NO_COUPON,11,0.0,5189.72,471.79,5189.72,0.0
2025-10-02,HOLIDAY10,10,421.99,4219.73,421.97,3797.74,10.0
2025-10-02,RING20,4,443.96,2219.84,554.96,1775.88,20.0
2025-10-03,HOLIDAY10,9,560.0,5599.72,622.19,5039.72,10.0
2025-10-03,NO_COUPON,9,0.0,4339.74,482.19,4339.74,0.0
2025-10-03,RING20,7,601.97,3009.81,429.97,2407.84,20.0
2025-10-04,NO_COUPON,19,0.0,10279.4,541.02,10279.4,0.0
2025-10-04,RING20,8,1011.96,5059.76,632.47,4047.8,20.0
2025-10-04,HOLIDAY10,6,292.0,2919.83,486.64,2627.83,10.0
2025-10-05,RING20,13,1299.92,6499.61,499.97,5199.69,20.0
2025-10-05,HOLIDAY10,9,325.0,3249.76,361.08,2924.76,10.0
2025-10-05,NO_COUPON,7,0.0,3509.79,501.4,3509.79,0.0
2025-10-06,NO_COUPON,16,0.0,8649.48,540.59,8649.48,0.0
2025-10-06,RING20,7,779.96,3899.77,557.11,3119.81,20.0
2025-10-06,HOLIDAY10,6,321.99,3219.82,536.64,2897.83,10.0
2025-10-07,HOLIDAY10,10,670.98,6709.65,670.96,6038.67,10.0
2025-10-07,RING20,10,659.98,3299.8,329.98,2639.82,20.0
2025-10-07,NO_COUPON,8,0.0,2719.82,339.98,2719.82,0.0
2025-10-08,RING20,13,1539.91,7699.55,592.27,6159.64,20.0
2025-10-08,HOLIDAY10,8,437.99,4379.74,547.47,3941.75,10.0
2025-10-08,NO_COUPON,6,0.0,3699.79,616.63,3699.79,0.0
2025-10-09,NO_COUPON,12,0.0,6349.61,529.13,6349.61,0.0
2025-10-09,RING20,10,755.96,3779.79,377.98,3023.83,20.0
2025-10-09,HOLIDAY10,8,452.0,4519.78,564.97,4067.78,10.0
2025-10-10,HOLIDAY10,8,455.0,4549.75,568.72,4094.75,10.0
2025-10-10,RING20,8,1053.94,5269.7,658.71,4215.76,20.0
2025-10-10,NO_COUPON,4,0.0,3719.83,929.96,3719.83,0.0
2025-10-11,HOLIDAY10,14,633.0,6329.65,452.12,5696.65,10.0
2025-10-11,NO_COUPON,14,0.0,7779.57,555.68,7779.57,0.0
2025-10-11,RING20,12,1127.93,5639.64,469.97,4511.71,20.0
2025-10-12,HOLIDAY10,12,632.99,6329.6,527.47,5696.61,10.0
2025-10-12,RING20,11,1057.93,5289.71,480.88,4231.78,20.0
2025-10-12,NO_COUPON,9,0.0,3599.77,399.97,3599.77,0.0
2025-10-13,RING20,14,1125.95,5629.66,402.12,4503.71,20.0
2025-10-13,HOLIDAY10,10,576.0,5759.65,575.96,5183.65,10.0
2025-10-13,NO_COUPON,8,0.0,5049.68,631.21,5049.68,0.0
2025-10-14,RING20,15,1783.9,8919.48,594.63,7135.58,20.0
2025-10-14,HOLIDAY10,14,589.0,5889.68,420.69,5300.68,10.0
2025-10-14,NO_COUPON,11,0.0,5659.68,514.52,5659.68,0.0
2025-10-15,HOLIDAY10,10,470.99,4709.7,470.97,4238.71,10.0
2025-10-15,RING20,9,667.97,3339.8,371.09,2671.83,20.0
2025-10-15,NO_COUPON,5,0.0,1959.89,391.98,1959.89,0.0
2025-10-16,NO_COUPON,14,0.0,8589.51,613.54,8589.51,0.0
2025-10-16,HOLIDAY10,9,434.0,4339.73,482.19,3905.73,10.0
2025-10-16,RING20,7,381.98,1909.86,272.84,1527.88,20.0
2025-10-17,RING20,14,1243.94,6219.62,444.26,4975.68,20.0
2025-10-17,NO_COUPON,11,0.0,4979.71,452.7,4979.71,0.0
2025-10-17,HOLIDAY10,7,394.0,3939.77,562.82,3545.77,10.0
2025-10-18,HOLIDAY10,19,951.99,9519.42,501.02,8567.43,10.0
2025-10-18,NO_COUPON,10,0.0,3799.73,379.97,3799.73,0.0
2025-10-18,RING20,8,875.95,4379.74,547.47,3503.79,20.0
2025-10-19,HOLIDAY10,16,835.0,8349.46,521.84,7514.46,10.0
2025-10-19,NO_COUPON,11,0.0,6719.63,610.88,6719.63,0.0
2025-10-19,RING20,10,989.93,4949.69,494.97,3959.76,20.0
2025-10-20,NO_COUPON,7,0.0,2989.82,427.12,2989.82,0.0
2025-10-20,RING20,7,631.99,3159.86,451.41,2527.87,20.0
2025-10-20,HOLIDAY10,5,197.0,1969.85,393.97,1772.85,10.0
2025-10-21,HOLIDAY10,14,617.0,6169.62,440.69,5552.62,10.0
2025-10-21,RING20,9,1167.94,5839.7,648.86,4671.76,20.0
2025-10-21,NO_COUPON,7,0.0,3509.76,501.39,3509.76,0.0
2025-10-22,NO_COUPON,13,0.0,8099.54,623.04,8099.54,0.0
2025-10-22,HOLIDAY10,10,458.99,4589.7,458.97,4130.71,10.0
2025-10-22,RING20,10,969.96,4849.7,484.97,3879.74,20.0
2025-10-23,NO_COUPON,9,0.0,4479.73,497.75,4479.73,0.0
2025-10-23,HOLIDAY10,8,345.0,3449.8,431.22,3104.8,10.0
2025-10-23,RING20,8,613.95,3069.8,383.72,2455.85,20.0
2025-10-24,NO_COUPON,13,0.0,6749.6,519.2,6749.6,0.0
2025-10-24,HOLIDAY10,11,510.99,5109.64,464.51,4598.65,10.0
2025-10-24,RING20,4,503.97,2519.86,629.96,2015.89,20.0
2025-10-25,RING20,15,1565.91,7829.56,521.97,6263.65,20.0
2025-10-25,HOLIDAY10,10,541.0,5409.67,540.97,4868.67,10.0
2025-10-25,NO_COUPON,8,0.0,3769.76,471.22,3769.76,0.0
2025-10-26,NO_COUPON,12,0.0,6899.6,574.97,6899.6,0.0
2025-10-26,HOLIDAY10,11,785.99,7859.58,714.51,7073.59,10.0
2025-10-26,RING20,9,639.97,3199.81,355.53,2559.84,20.0
2025-10-27,RING20,18,2017.87,10089.4,560.52,8071.53,20.0
2025-10-27,NO_COUPON,8,0.0,4089.77,511.22,4089.77,0.0
2025-10-27,HOLIDAY10,7,518.99,5189.72,741.39,4670.73,10.0
2025-10-28,RING20,11,983.93,4919.69,447.24,3935.76,20.0
2025-10-28,HOLIDAY10,8,410.0,4099.78,512.47,3689.78,10.0
2025-10-28,NO_COUPON,8,0.0,4989.74,623.72,4989.74,0.0
2025-10-29,NO_COUPON,11,0.0,5439.66,494.51,5439.66,0.0
2025-10-29,RING20,11,1185.94,5929.66,539.06,4743.72,20.0
2025-10-29,HOLIDAY10,7,438.99,4389.72,627.1,3950.73,10.0
2025-10-30,HOLIDAY10,13,699.99,6999.59,538.43,6299.6,10.0
2025-10-30,RING20,10,1077.95,5389.73,538.97,4311.78,20.0
2025-10-30,NO_COUPON,9,0.0,3909.75,434.42,3909.75,0.0
2025-10-31,HOLIDAY10,12,789.0,7889.55,657.46,7100.55,10.0
2025-10-31,NO_COUPON,11,0.0,4069.76,369.98,4069.76,0.0
2025-10-31,RING20,10,1069.93,5349.67,534.97,4279.74,20.0
2025-11-01,RING20,12,1389.93,6949.63,579.14,5559.7,20.0
2025-11-01,HOLIDAY10,8,421.99,4219.73,527.47,3797.74,10.0
2025-11-01,NO_COUPON,8,0.0,2449.84,306.23,2449.84,0.0
2025-11-02,NO_COUPON,15,0.0,8809.53,587.3,8809.53,0.0
2025-11-02,HOLIDAY10,8,470.0,4699.75,587.47,4229.75,10.0
2025-11-02,RING20,3,309.98,1549.92,516.64,1239.94,20.0
2025-11-03,HOLIDAY10,13,674.0,6739.59,518.43,6065.59,10.0
2025-11-03,RING20,13,1267.93,6339.63,487.66,5071.7,20.0
2025-11-03,NO_COUPON,10,0.0,5999.68,599.97,5999.68,0.0
2025-11-04,NO_COUPON,15,0.0,6639.6,442.64,6639.6,0.0
2025-11-04,HOLIDAY10,8,510.98,5109.69,638.71,4598.71,10.0
2025-11-04,RING20,4,419.97,2099.86,524.96,1679.89,20.0
2025-11-05,NO_COUPON,8,0.0,4159.74,519.97,4159.74,0.0
2025-11-05,RING20,7,617.98,3089.84,441.41,2471.86,20.0
2025-11-05,HOLIDAY10,4,160.0,1599.88,399.97,1439.88,10.0
2025-11-06,NO_COUPON,17,0.0,7779.53,457.62,7779.53,0.0
2025-11-06,RING20,14,1517.9,7589.55,542.11,6071.65,20.0
2025-11-06,HOLIDAY10,8,411.0,4109.76,513.72,3698.76,10.0
2025-11-07,HOLIDAY10,12,697.0,6969.57,580.8,6272.57,10.0
2025-11-07,RING20,10,677.96,3389.78,338.98,2711.82,20.0
2025-11-07,NO_COUPON,5,0.0,2949.82,589.96,2949.82,0.0
2025-11-08,HOLIDAY10,17,691.0,6909.45,406.44,6218.45,10.0
2025-11-08,NO_COUPON,11,0.0,6779.62,616.33,6779.62,0.0
2025-11-08,RING20,5,587.95,2939.84,587.97,2351.89,20.0
2025-11-09,RING20,10,1397.94,6989.63,698.96,5591.69,20.0
2025-11-09,NO_COUPON,9,0.0,4789.71,532.19,4789.71,0.0
2025-11-09,HOLIDAY10,7,243.0,2429.85,347.12,2186.85,10.0
2025-11-10,HOLIDAY10,16,653.0,6529.58,408.1,5876.58,10.0
2025-11-10,RING20,11,1289.93,6449.6,586.33,5159.67,20.0
2025-11-10,NO_COUPON,8,0.0,3109.75,388.72,3109.75,0.0
2025-11-11,HOLIDAY10,10,533.99,5339.72,533.97,4805.73,10.0
2025-11-11,NO_COUPON,9,0.0,4979.71,553.3,4979.71,0.0
2025-11-11,RING20,5,521.98,2609.85,521.97,2087.87,20.0
2025-11-12,NO_COUPON,13,0.0,5979.64,459.97,5979.64,0.0
2025-11-12,RING20,13,1389.91,6949.6,534.58,5559.69,20.0
2025-11-12,HOLIDAY10,9,433.0,4329.73,481.08,3896.73,10.0
2025-11-13,HOLIDAY10,10,543.0,5429.68,542.97,4886.68,10.0
2025-11-13,NO_COUPON,10,0.0,4669.68,466.97,4669.68,0.0
2025-11-13,RING20,8,725.95,3629.77,453.72,2903.82,20.0
2025-11-14,RING20,9,705.98,3529.83,392.2,2823.85,20.0
2025-11-14,HOLIDAY10,8,550.98,5509.71,688.71,4958.73,10.0
2025-11-14,NO_COUPON,7,0.0,1459.86,208.55,1459.86,0.0
2025-11-15,NO_COUPON,15,0.0,6639.55,442.64,6639.55,0.0
2025-11-15,RING20,15,1553.91,7769.5,517.97,6215.59,20.0
2025-11-15,HOLIDAY10,2,128.0,1279.92,639.96,1151.92,10.0
2025-11-16,HOLIDAY10,20,1078.98,10789.41,539.47,9710.43,10.0
2025-11-16,RING20,17,1881.88,9409.45,553.5,7527.57,20.0
2025-11-16,NO_COUPON,10,0.0,5949.67,594.97,5949.67,0.0
2025-11-17,HOLIDAY10,14,762.0,7619.55,544.25,6857.55,10.0
2025-11-17,RING20,13,1323.92,6619.59,509.2,5295.67,20.0
2025-11-17,NO_COUPON,2,0.0,1039.91,519.96,1039.91,0.0
2025-11-18,RING20,13,1087.92,5439.61,418.43,4351.69,20.0
2025-11-18,NO_COUPON,8,0.0,2779.81,347.48,2779.81,0.0
2025-11-18,HOLIDAY10,5,209.0,2089.85,417.97,1880.85,10.0
2025-11-19,NO_COUPON,21,0.0,11119.33,529.49,11119.33,0.0
2025-11-19,RING20,9,1083.92,5419.65,602.18,4335.73,20.0
2025-11-19,HOLIDAY10,8,513.0,5129.73,641.22,4616.73,10.0
2025-11-20,HOLIDAY10,12,535.0,5349.65,445.8,4814.65,10.0
2025-11-20,RING20,7,747.95,3739.79,534.26,2991.84,20.0
2025-11-20,NO_COUPON,6,0.0,3699.79,616.63,3699.79,0.0
2025-11-21,RING20,10,1195.93,5979.67,597.97,4783.74,20.0
2025-11-21,HOLIDAY10,9,385.0,3849.76,427.75,3464.76,10.0
2025-11-21,NO_COUPON,5,0.0,3709.82,741.96,3709.82,0.0
2025-11-22,HOLIDAY10,13,756.98,7569.59,582.28,6812.61,10.0
2025-11-22,RING20,10,1035.96,5179.69,517.97,4143.73,20.0
2025-11-22,NO_COUPON,5,0.0,3629.82,725.96,3629.82,0.0
2025-11-23,NO_COUPON,11,0.0,4959.69,450.88,4959.69,0.0
2025-11-23,HOLIDAY10,7,299.0,2989.82,427.12,2690.82,10.0
2025-11-23,RING20,7,593.96,2969.81,424.26,2375.85,20.0
2025-11-24,RING20,15,1579.88,7899.48,526.63,6319.6,20.0
2025-11-24,NO_COUPON,11,0.0,5739.64,521.79,5739.64,0.0
2025-11-24,HOLIDAY10,7,400.99,4009.74,572.82,3608.75,10.0
2025-11-25,HOLIDAY10,9,478.0,4779.67,531.07,4301.67,10.0
2025-11-25,RING20,7,579.99,2899.84,414.26,2319.85,20.0
2025-11-25,NO_COUPON,5,0.0,2479.86,495.97,2479.86,0.0
2025-11-26,NO_COUPON,16,0.0,8989.48,561.84,8989.48,0.0
2025-11-26,HOLIDAY10,12,574.0,5739.63,478.3,5165.63,10.0
2025-11-26,RING20,9,999.95,4999.75,555.53,3999.8,20.0
2025-11-27,HOLIDAY10,10,457.99,4579.67,457.97,4121.68,10.0
2025-11-27,NO_COUPON,9,0.0,4719.73,524.41,4719.73,0.0
2025-11-27,RING20,8,455.97,2279.83,284.98,1823.86,20.0
2025-11-28,HOLIDAY10,16,847.99,8479.51,529.97,7631.52,10.0
2025-11-28,RING20,10,1127.94,5639.67,563.97,4511.73,20.0
2025-11-28,NO_COUPON,3,0.0,1569.91,523.3,1569.91,0.0
2025-11-29,RING20,15,1595.9,7979.51,531.97,6383.61,20.0
2025-11-29,NO_COUPON,10,0.0,5289.66,528.97,5289.66,0.0
2025-11-29,HOLIDAY10,8,294.0,2939.84,367.48,2645.84,10.0
2025-11-30,RING20,12,1111.92,5559.64,463.3,4447.72,20.0
2025-11-30,NO_COUPON,11,0.0,5579.68,507.24,5579.68,0.0
2025-11-30,HOLIDAY10,6,258.0,2579.85,429.98,2321.85,10.0
2025-12-01,NO_COUPON,10,0.0,5089.68,508.97,5089.68,0.0
2025-12-01,RING20,10,1307.92,6539.61,653.96,5231.69,20.0
2025-12-01,HOLIDAY10,8,361.0,3609.78,451.22,3248.78,10.0
2025-12-02,HOLIDAY10,11,433.0,4329.68,393.61,3896.68,10.0
2025-12-02,NO_COUPON,9,0.0,4149.76,461.08,4149.76,0.0
2025-12-02,RING20,7,647.96,3239.81,462.83,2591.85,20.0
2025-12-03,NO_COUPON,13,0.0,7639.56,587.66,7639.56,0.0
2025-12-03,RING20,12,1145.93,5729.65,477.47,4583.72,20.0
2025-12-03,HOLIDAY10,7,304.0,3039.83,434.26,2735.83,10.0
2025-12-04,NO_COUPON,14,0.0,7179.61,512.83,7179.61,0.0
2025-12-04,HOLIDAY10,9,337.0,3369.79,374.42,3032.79,10.0
2025-12-04,RING20,6,579.96,2899.81,483.3,2319.85,20.0
2025-12-05,NO_COUPON,12,0.0,5789.69,482.47,5789.69,0.0
2025-12-05,RING20,12,1071.95,5359.71,446.64,4287.76,20.0
2025-12-05,HOLIDAY10,5,283.0,2829.84,565.97,2546.84,10.0
2025-12-06,RING20,13,1157.94,5789.64,445.36,4631.7,20.0
2025-12-06,NO_COUPON,11,0.0,4799.69,436.34,4799.69,0.0
2025-12-06,HOLIDAY10,9,581.99,5819.63,646.63,5237.64,10.0
2025-12-07,RING20,12,1261.93,6309.61,525.8,5047.68,20.0
2025-12-07,NO_COUPON,10,0.0,5269.68,526.97,5269.68,0.0
2025-12-07,HOLIDAY10,9,492.0,4919.74,546.64,4427.74,10.0
2025-12-08,HOLIDAY10,11,553.98,5539.68,503.61,4985.7,10.0
2025-12-08,NO_COUPON,6,0.0,2619.85,436.64,2619.85,0.0
2025-12-08,RING20,6,577.98,2889.83,481.64,2311.85,20.0
2025-12-09,NO_COUPON,15,0.0,6829.55,455.3,6829.55,0.0
2025-12-09,RING20,10,881.95,4409.73,440.97,3527.78,20.0
2025-12-09,HOLIDAY10,8,413.0,4129.75,516.22,3716.75,10.0
2025-12-10,RING20,12,1167.92,5839.6,486.63,4671.68,20.0
2025-12-10,NO_COUPON,5,0.0,1869.86,373.97,1869.86,0.0
2025-12-10,HOLIDAY10,4,184.0,1839.89,459.97,1655.89,10.0
2025-12-11,HOLIDAY10,8,367.99,3679.75,459.97,3311.76,10.0
2025-12-11,NO_COUPON,7,0.0,4249.73,607.1,4249.73,0.0
2025-12-11,RING20,7,803.94,4019.75,574.25,3215.81,20.0
2025-12-12,NO_COUPON,12,0.0,7519.61,626.63,7519.61,0.0
2025-12-12,RING20,9,729.97,3649.78,405.53,2919.81,20.0
2025-12-12,HOLIDAY10,8,360.0,3599.77,449.97,3239.77,10.0
2025-12-13,RING20,14,1793.9,8969.49,640.68,7175.59,20.0
2025-12-13,NO_COUPON,10,0.0,4639.71,463.97,4639.71,0.0
2025-12-13,HOLIDAY10,6,347.0,3469.84,578.31,3122.84,10.0
2025-12-14,RING20,14,973.95,4869.71,347.84,3895.76,20.0
2025-12-14,HOLIDAY10,12,543.0,5429.68,452.47,4886.68,10.0
2025-12-14,NO_COUPON,11,0.0,6369.6,579.05,6369.6,0.0
2025-12-15,HOLIDAY10,12,611.0,6109.68,509.14,5498.68,10.0
2025-12-15,NO_COUPON,10,0.0,5619.68,561.97,5619.68,0.0
2025-12-15,RING20,10,907.93,4539.69,453.97,3631.76,20.0
2025-12-16,HOLIDAY10,14,655.0,6549.62,467.83,5894.62,10.0
2025-12-16,NO_COUPON,10,0.0,6039.63,603.96,6039.63,0.0
2025-12-16,RING20,9,811.94,4059.75,451.08,3247.81,20.0
2025-12-17,NO_COUPON,14,0.0,6969.59,497.83,6969.59,0.0
2025-12-17,RING20,12,959.93,4799.64,399.97,3839.71,20.0
2025-12-17,HOLIDAY10,9,483.0,4829.71,536.63,4346.71,10.0
2025-12-18,HOLIDAY10,17,648.0,6479.57,381.15,5831.57,10.0
2025-12-18,NO_COUPON,16,0.0,7209.58,450.6,7209.58,0.0
2025-12-18,RING20,12,1187.94,5939.66,494.97,4751.72,20.0
2025-12-19,NO_COUPON,15,0.0,7969.55,531.3,7969.55,0.0
2025-12-19,HOLIDAY10,12,713.0,7129.62,594.14,6416.62,10.0
2025-12-19,RING20,11,833.96,4169.7,379.06,3335.74,20.0
2025-12-20,HOLIDAY10,17,910.99,9109.43,535.85,8198.44,10.0
2025-12-20,NO_COUPON,8,0.0,4049.77,506.22,4049.77,0.0
2025-12-20,RING20,8,819.94,4099.7,512.46,3279.76,20.0
2025-12-21,NO_COUPON,10,0.0,5499.7,549.97,5499.7,0.0
2025-12-21,RING20,10,721.96,3609.75,360.98,2887.79,20.0
2025-12-21,HOLIDAY10,9,352.0,3519.74,391.08,3167.74,10.0
2025-12-22,RING20,15,1397.93,6989.61,465.97,5591.68,20.0
2025-12-22,NO_COUPON,12,0.0,6959.59,579.97,6959.59,0.0
2025-12-22,HOLIDAY10,10,477.99,4779.7,477.97,4301.71,10.0
2025-12-23,HOLIDAY10,13,481.99,4819.68,370.74,4337.69,10.0
2025-12-23,NO_COUPON,10,0.0,5219.71,521.97,5219.71,0.0
2025-12-23,RING20,7,865.94,4329.73,618.53,3463.79,20.0
2025-12-24,RING20,12,1045.95,5229.72,435.81,4183.77,20.0
2025-12-24,HOLIDAY10,10,541.99,5419.72,541.97,4877.73,10.0
2025-12-24,NO_COUPON,6,0.0,2939.79,489.96,2939.79,0.0
2025-12-25,NO_COUPON,10,0.0,4619.72,461.97,4619.72,0.0
2025-12-25,RING20,10,963.95,4819.7,481.97,3855.75,20.0
2025-12-25,HOLIDAY10,9,267.0,2669.81,296.65,2402.81,10.0
2025-12-26,NO_COUPON,15,0.0,7979.56,531.97,7979.56,0.0
2025-12-26,RING20,14,1171.93,5859.61,418.54,4687.68,20.0
2025-12-26,HOLIDAY10,10,443.0,4429.72,442.97,3986.72,10.0
2025-12-27,RING20,11,1121.92,5609.65,509.97,4487.73,20.0
2025-12-27,HOLIDAY10,8,242.0,2419.85,302.48,2177.85,10.0
2025-12-27,NO_COUPON,6,0.0,2239.85,373.31,2239.85,0.0
2025-12-28,NO_COUPON,14,0.0,5489.64,392.12,5489.64,0.0
2025-12-28,HOLIDAY10,8,320.0,3199.78,399.97,2879.78,10.0
2025-12-28,RING20,7,801.96,4009.77,572.82,3207.81,20.0
2025-12-29,HOLIDAY10,11,530.0,5299.67,481.79,4769.67,10.0
2025-12-29,NO_COUPON,10,0.0,4459.74,445.97,4459.74,0.0
2025-12-29,RING20,9,935.95,4679.71,519.97,3743.76,20.0
2025-12-30,RING20,12,1483.91,7419.56,618.3,5935.65,20.0
2025-12-30,HOLIDAY10,10,522.0,5219.74,521.97,4697.74,10.0
2025-12-30,NO_COUPON,5,0.0,3469.76,693.95,3469.76,0.0
2025-12-31,RING20,14,1393.94,6969.62,497.83,5575.68,20.0
2025-12-31,NO_COUPON,13,0.0,5779.61,444.59,5779.61,0.0
2025-12-31,HOLIDAY10,11,465.0,4649.66,422.7,4184.66,10.0
